video_id,idea
zwI7c1h4Nfo,"Si alguna vez habías escuchado hablar de Smart Money y no tienes ni idea de cómo funciona esto, hice este video para que puedas aprenderlo en tan solo 20 minutos"
zwI7c1h4Nfo,"Luego de ver este video, vas a entender el smart money, vas a saber cómo operar con Smart Money y vas a poder tomar entradas con esta estrategia con solamente dedicarle 20 minutos"
zwI7c1h4Nfo,"Si nunca habías entendido Smart Money, hoy lo vas a entender y vas a poder tomar tus primeras entradas con este concepto"
zwI7c1h4Nfo,"Es decir, que si antes tú operabas con soporte o resistencias y tú esperabas que el precio llegara a este soporte, tú ahora básicamente vas a hacer lo contrario"
zwI7c1h4Nfo,"Pero para poder hacer lo contrario, tienes que entender por qué exactamente se hace lo contrario"
zwI7c1h4Nfo,Y sucede de la siguiente manera
zwI7c1h4Nfo,Quiero que me prestes mucha atención porque el video es muy corto y necesito que lo entiendas al 100%
zwI7c1h4Nfo,"Lo primero es que cuando tú operas con soportes o resistencias, tú estás basando tu creencia de que el precio debería bajar ahí porque ha tocado en ese punto varias veces en el pasado"
zwI7c1h4Nfo,"Pero no sé si te ha pasado que el soporte realmente sí funciona, pero luego de que tú colocas tu entrada en ese soporte, pasa mucho que el precio te saca stoplos y luego se va hacia el take profit"
zwI7c1h4Nfo,Esto es normal y este concepto le vamos a llamar manipulaciones
zwI7c1h4Nfo,Son búsquedas de stoplos con el objetivo de acumular más dinero y luego irse hacia el lado contrario
zwI7c1h4Nfo,"Si estás cansado, que cada vez que tomas una entrada generalmente viene una mechita así como esta, te saca del precio y luego se va hasta tu take profit"
zwI7c1h4Nfo,Esta técnica te va a ayudar a que este tipo de cosas no te sucedan
zwI7c1h4Nfo,Pero primero tienes que entender tres conceptos principales
zwI7c1h4Nfo,El primer concepto es el de highs y lows
zwI7c1h4Nfo,Primero tienes que entender que el precio se rige y se basa por tendencias y estructuras
zwI7c1h4Nfo,Por encima de cada tendencia y de cada estructura van a ver highs y van a haber lows
zwI7c1h4Nfo,Los highs y los lows son los puntos más bajitos del precio y los puntos más altos
zwI7c1h4Nfo,"El precio generalmente va de high a low, de high a low y de low a high y de low a high"
zwI7c1h4Nfo,Por eso yo utilizo esta herramienta que se llama Time Zone
zwI7c1h4Nfo,La puedes buscar aquí en indicadores y vas a escribir aquí Time Z
zwI7c1h4Nfo,Le das al primero y te va a salir una opción como esta
zwI7c1h4Nfo,Luego le vas a dar al ajuste aquí la configuración y en los números vas a poner 001
zwI7c1h4Nfo,Lo que va a hacer esto es que te va a dividir el precio en días
zwI7c1h4Nfo,"Ahora, todas estas líneas negritas que ves aquí son días diferentes"
zwI7c1h4Nfo,"Y el Smart Money te explica que generalmente el precio cuando se va moviendo día a día, es decir, trading intradía, va a ir generalmente de highs a lows, de highs a lows"
zwI7c1h4Nfo,"Y tú vas a ver que el precio se va moviendo de un high a un low, de un high a un low"
zwI7c1h4Nfo,Pero estos highs y lows no son cualquiera
zwI7c1h4Nfo,Nosotros nos vamos a fijar en el high del día y en el low del día
zwI7c1h4Nfo,"Es decir, que este espacio en blanco dice un día, es decir, este día fue un viernes lo que está en este precio"
zwI7c1h4Nfo,Lo que está dentro de este espacio fue un jueves
zwI7c1h4Nfo,Esto fue un miércoles
zwI7c1h4Nfo,Tú vas a encargarte de cada día buscar el punto más alto y el punto más bajo y lo vas a marcar con el objetivo de identificar el punto más alto del día y el punto más bajito del día
zwI7c1h4Nfo,Lo vas a marcar con una línea
zwI7c1h4Nfo,"Por ejemplo, este día que fue un viernes, vamos a marcar el punto más alto y el punto más bajito"
zwI7c1h4Nfo,"El siguiente día vamos a marcar el punto más alto y el punto más bajito, que sería este"
zwI7c1h4Nfo,"Y el siguiente día vamos a marcar también el punto más alto que es este, y el punto más bajito, que es este"
zwI7c1h4Nfo,Y cada uno de los días vas a intentar identificar el punto más alto o más bajito
zwI7c1h4Nfo,Esa técnica te va a funcionar muchísimo porque resulta que la mayoría de las veces cuando inicia un día el precio trata de ir al punto más alto o al punto más bajito del día anterior
zwI7c1h4Nfo,Fíjate que aquí estoy marcando todos los puntos altos y bajos de días anteriores con el objetivo de que lo puedas visualizar
zwI7c1h4Nfo,de marcar este último
zwI7c1h4Nfo,Y analicemos algo para que entiendas cómo se mueve el precio según el concepto de Smart Money
zwI7c1h4Nfo,Se supone que el smart money explica que los bancos mueven el precio y mueven este precio a través de dinero
zwI7c1h4Nfo,"Cada vez que los bancos inyectan dinero al mercado, el mercado se termina moviendo, generando movimientos grandes, movimientos pequeños"
zwI7c1h4Nfo,"Pero generalmente cuando tú ves estos movimientos grandes, siempre son provocados por los bancos"
zwI7c1h4Nfo,"Ahora que ya pude marcar todos los highs y los lows de días anteriores, quiero que observes cómo funciona"
zwI7c1h4Nfo,"Y es que el martes, que sería aquí, tú te vas a fijar que el objetivo muchas veces del martes es mover el precio hasta el high o hasta el low del día anterior"
zwI7c1h4Nfo,"Si nosotros analizamos este martes, fíjate que el martes una vez inició la sesión de Londres, es decir, iniciando el día, se movió fuertemente hasta el high del día anterior"
zwI7c1h4Nfo,"Luego vemos que cuando se acabó el martes, que vino el miércoles, el miércoles se movió hasta el low del día anterior, que sería este aquí"
zwI7c1h4Nfo,Y fíjate que el miércoles creó su propio low y su propio high
zwI7c1h4Nfo,"Luego vemos el jueves que se movió hasta el low del día anterior, es decir, hasta el low del miércoles"
zwI7c1h4Nfo,Eso fue su dirección
zwI7c1h4Nfo,"Luego, cuando observamos el otro día, que sería este, el viernes, el precio se terminó moviendo hasta el low del día anterior, que fue el jueves"
zwI7c1h4Nfo,"Y fíjate como cada día el objetivo del precio es superar el low, superar el low, superar el low y superar el low"
zwI7c1h4Nfo,Y esto sucede cuando la estructura es bajista
zwI7c1h4Nfo,Cuando es alcista es lo contrario
zwI7c1h4Nfo,"Fíjate que el siguiente día, que fue aquí lunes, se acercó mucho al high del día anterior, pero luego el precio se movió hasta el low del día anterior, superando el punto más bajo"
zwI7c1h4Nfo,"Cuando tenemos estructuras bajistas, el precio siempre va a buscar moverse hasta un punto más bajo y como referencia va a tomar el punto más bajo del día anterior"
zwI7c1h4Nfo,"Fíjate que este día que sería martes, el precio inició y se movió hasta el low del día anterior"
zwI7c1h4Nfo,Literalmente siempre llegan al low del día anterior
zwI7c1h4Nfo,"Luego viene el miércoles y el precio pasó el low del día anterior, que sería el low del martes"
zwI7c1h4Nfo,Y sucesivamente cada uno de estos días que nosotros marcamos el precio se fue hasta el low del día anterior
zwI7c1h4Nfo,"Pero, ¿qué pasa cuando el precio empieza a cambiar su estructura"
zwI7c1h4Nfo,como sucedió aquí el jueves
zwI7c1h4Nfo,Luego observamos el viernes que terminó subiendo hasta el punto alto del jueves
zwI7c1h4Nfo,Y fíjate que fue lo mismo que pasó aquí
zwI7c1h4Nfo,El día lunes el precio terminó subiendo hasta el punto alto del viernes porque la estructura seguía siendo alcista
zwI7c1h4Nfo,"En el momento en que la estructura empezó a cambiar bajista, ahora cambiaron los papeles"
zwI7c1h4Nfo,"Y fíjate que una vez tuvimos este quiebre de estructura por esta zona, que la estructura cambió a bajista, ahora el precio empezó a buscar el día martes el low del día lunes y así va sucediendo"
zwI7c1h4Nfo,"Cada cuota, cada vez que se va representando el precio, se va buscando el low del día anterior o el high del día anterior"
zwI7c1h4Nfo,Y quiero que te fijes en que va siguiendo su patrón y su estructura
zwI7c1h4Nfo,"Mira aquí anterior, la tendencia aquí era alcista"
zwI7c1h4Nfo,"Entonces, el día viernes, que era este día que te estoy marcando aquí, el precio creó un high y el día lunes el precio se dirigió hasta el high del viernes"
zwI7c1h4Nfo,"Luego vemos el otro día que era martes, el precio se dirigió hasta el high del lunes hasta el momento que rompió la estructura"
zwI7c1h4Nfo,Aquí terminó rompiendo estructura
zwI7c1h4Nfo,Aunque tú no puedas ver aquí un quiebre de estructura
zwI7c1h4Nfo,"Si nosotros vamos al precio del dólar, existe una diferencia de precio aquí"
zwI7c1h4Nfo,"Eso es parte de estructura avanzada, te lo voy a explicar en otro video"
zwI7c1h4Nfo,"Y aunque pienses que no rompió estructura, porque esto no es un higher high, sí terminó rompiendo estructura porque en el precio del dólar sí rompió estructura"
zwI7c1h4Nfo,"El punto es que esta es la primera herramienta que nosotros vamos a utilizar, la herramienta de highs y lows"
zwI7c1h4Nfo,"La segunda herramienta que vamos a utilizar eliminando todo esto, vamos a borrar todos estos highos"
zwI7c1h4Nfo,La segunda herramienta que nosotros vamos a utilizar van a ser los order blocks
zwI7c1h4Nfo,"En videos anteriores ya te los he explicado, pero recuerda que los orderblocks son la última vela contraria antes del movimiento fuerte"
zwI7c1h4Nfo,Esas zonas de interés y de impacto que se crean antes de que el precio empiece a moverse con fuerza
zwI7c1h4Nfo,"Fíjate que una vez el precio se dirige hasta el lowad del día anterior, no lo hace sin antes buscar un order block"
zwI7c1h4Nfo,Esto aquí es un order block
zwI7c1h4Nfo,Es una última vela verde
zwI7c1h4Nfo,Déjame ponerlo más grande para que lo veas
zwI7c1h4Nfo,"Cuando vemos aquí que el precio retrocede otra vez, básicamente el precio está retrocediendo hasta esta zona de order blocks"
zwI7c1h4Nfo,Otra vez retrocede hasta el order block y luego se va hasta el low
zwI7c1h4Nfo,"Las instituciones y los grandes bancos dejan órdenes límites en ese order block, es decir, en ese punto"
zwI7c1h4Nfo,Por eso observamos que una vez el precio llegue aquí termina bajando fuerte
zwI7c1h4Nfo,"Para nosotros identificar los order blocks, siempre tenemos que buscar la última vela verde, en el caso de que es un orderde block bajista, la última vela verde antes del movimiento bajista fuerte"
zwI7c1h4Nfo,Buscamos la última vela verde y la encerramos en un cuadrito pequeño como este aquí
zwI7c1h4Nfo,Un cuadrito y lo extendemos con el objetivo de que se utilice en el futuro
zwI7c1h4Nfo,Fíjate que llega una simple mechita activando este orderblock y luego el precio se va hacia abajo
zwI7c1h4Nfo,Y lo vamos a determinar también en el ámbito de compras
zwI7c1h4Nfo,"Vamos a observar que cuando el precio cambia de estructura y ahora en vez de buscar los lows, empieza a buscar los highs"
zwI7c1h4Nfo,"Luego observamos que otra vez cuando viene el viernes, el precio hace ese retroceso para activar el order block que está aquí y luego dirigirse hasta el high del día anterior"
zwI7c1h4Nfo,Y luego observamos que repite el mismo proceso aquí
zwI7c1h4Nfo,"Y si marcamos la última vela verde, en este caso sería esta, pero como son varias velas, podemos marcarlas todas en conjunto porque varias velas rojas componen un mismo movimiento"
zwI7c1h4Nfo,Y vemos que el precio llega al order block y luego hace esta reacción
zwI7c1h4Nfo,Y lo mismo cuando se va a devolver
zwI7c1h4Nfo,Podemos marcar aquí la última vela verde antes del movimiento fuerte y observamos que el precio llega aquí antes de dirigirse hasta los lows
zwI7c1h4Nfo,Fíjate qué perfección es esto
zwI7c1h4Nfo,"Algunas veces el precio como que no llega al order blow porque si estamos marcando esta zona, fíjense que se queda un poco corto, pero la mayoría de las veces sí lo hace"
zwI7c1h4Nfo,"Y fíjense que si empezamos a analizar día tras día, es básicamente lo mismo"
zwI7c1h4Nfo,Veamos este día
zwI7c1h4Nfo,Este es el jueves
zwI7c1h4Nfo,"Observamos que el día viernes llega al order block del jueves, que es este, y se dirige hasta el low del jueves"
zwI7c1h4Nfo,Luego observamos que el mismo viernes inicia su movimiento y el lunes llega al order block del viernes y luego al low del viernes
zwI7c1h4Nfo,"Y luego observamos que ahora el martes llega al order block del lunes y luego intenta pasar el low del lunes, que fue aquí cuando lo pasó"
zwI7c1h4Nfo,"Luego observamos que el miércoles, que sería este día, el precio crea su order block, crea su low, crea su high, cambió la estructura y ahora utilizamos el order block del día anterior"
zwI7c1h4Nfo,Y luego aquí el día viernes el precio utiliza el order block del día anterior que sería el del jueves y se dir hasta el high del día anterior y así sucesivamente
zwI7c1h4Nfo,Y esto va pasando una y otra vez
zwI7c1h4Nfo,"Si tú entiendes estos conceptos, básicamente ya entiendes smart money"
zwI7c1h4Nfo,"Ahora solamente te falta la parte de la entrada, dónde entro específicamente y cómo hago que este corto video de 20 minutos me funcione verdaderamente para yo tomar una entrada"
zwI7c1h4Nfo,Para esto nos vamos a ir a una temporalidad más pequeña
zwI7c1h4Nfo,Vamos a elegir la temporalidad de 5 minutos porque hemos estado todo el tiempo analizando la temporalidad de una hora
zwI7c1h4Nfo,Y vamos a ver cómo este concepto te puede ayudar ahora a tú tomar tus entradas
zwI7c1h4Nfo,Vamos a al inicio de todos estos orders
zwI7c1h4Nfo,"Por ejemplo, fíjate aquí, una técnica de entrada que tú puedes utilizar es cuando el precio te llegue al order block"
zwI7c1h4Nfo,Fíjate que este es el order block del jueves
zwI7c1h4Nfo,"Lo que pasa es que como estamos en una temporalidad más pequeña, se ven muchas velas o incluso vamos a hacerlo en 15 minutos para que no te confundas, que es una temporalidad más pequeña"
zwI7c1h4Nfo,Aquí estamos en jueves
zwI7c1h4Nfo,"Cuando el precio llegue el viernes al order block del jueves, tú necesitas una reacción de ese order block"
zwI7c1h4Nfo,Esta es una técnica de entrada
zwI7c1h4Nfo,"Una vez el precio llegue al order block del día anterior, tú vas a esperar que el precio reaccione y luego te cree una vela indicándote que existe fuerza en ese punto y que el precio va a bajar"
zwI7c1h4Nfo,Tu entrada va a estar en el cierre de esa vela y tu stop loss va a estar arriba del order block
zwI7c1h4Nfo,Y tu entrada va a estar por debajo de ese order block
zwI7c1h4Nfo,"Una vez el precio llega al orderblock y te cree una vela que te indique que el precio puede bajar fuerte, tu entrada va a estar en este punto"
zwI7c1h4Nfo,Vamos a resumir
zwI7c1h4Nfo,Tú buscaste un order block en la temporalidad de una hora
zwI7c1h4Nfo,Tú buscaste el low de este día
zwI7c1h4Nfo,"Lo mismo vas a hacer el siguiente día, porque fíjate que el siguiente día tenemos un order block aquí que es toda esta zona negra"
zwI7c1h4Nfo,"El siguiente día el precio te llegó al order block aquí, ¿verdad"
zwI7c1h4Nfo,Luego te creó esta vela de reacción
zwI7c1h4Nfo,Tú vienes y tomas tu entrada aquí en el en esta vela de reacción
zwI7c1h4Nfo,Tú vas a poner tu stop loss por aquí por encima del order block
zwI7c1h4Nfo,El siguiente día pasa exactamente lo mismo
zwI7c1h4Nfo,El precio llegó
zwI7c1h4Nfo,Fíjense que aquí fue donde tocó
zwI7c1h4Nfo,Mira la mechita pequeña y luego te creó indicaciones de que iba a bajar con esas velas fuertes
zwI7c1h4Nfo,"Tú vas a venir y vas a poner tu posición en venta, tu stop loss por encima del order block y tu take profit por debajo del lo del día anterior"
zwI7c1h4Nfo,Y eventualmente te fijas que el precio sí termina llegando al l del día anterior
zwI7c1h4Nfo,"Aquí a pesar de que sí se tarda un poquito, pero fíjate como el objetivo sí se cumple"
zwI7c1h4Nfo,Luego observamos aquí
zwI7c1h4Nfo,Aquí la estructura cambió
zwI7c1h4Nfo,"Fíjate que aquí se rompió el último lower high, cambió la estructura y el día jueves nosotros llegamos al order block de la temporalidad de una hora y esperamos que el precio me cree una reacción"
zwI7c1h4Nfo,"vas a poner tu stoploss por debajo del order block y vas a poner tu take profit por encima del high del día anterior, que sería como más o menos por aquí"
zwI7c1h4Nfo,Fíjate que el siguiente día el precio te llega a este orderblock y pasa exactamente lo mismo
zwI7c1h4Nfo,"Literalmente, si ustedes pueden dominar esta técnica de entrada con estos tres simples pasos, ya entienden cómo se utiliza Smart Money"
zwI7c1h4Nfo,"Smart Money es un poquito más complicado que esto y tiene conceptos que he explicado en otros videos, pero si no tienes mucho tiempo y querías aprender smart money rápido, este es el video para ti"
zwI7c1h4Nfo,Tienes las tres cosas principales que necesita un trader para poder operar
zwI7c1h4Nfo,"La dirección, una zona importante que le activa la entrada y un punto para poder entrar y ya"
zwI7c1h4Nfo,"En vez de yo darte 1000 conceptos, prefiero darte este ejemplo para que tú mismo puedas deducir que esta técnica funcione"
zwI7c1h4Nfo,"Puedes practicarlo durante varios años anteriores, durante varios meses anteriores y te vas a dar cuenta que cuando el precio esté en una estructura alcista se va a dirigir hacia los últimos highs"
zwI7c1h4Nfo,Cuando el precio esté en una estructura bajista se va a dirigir hasta los últimos lows
zwI7c1h4Nfo,El truco aquí va a estar en que tú utilices estas tres herramientas para componer una sola entrada
zwI7c1h4Nfo,"Tú vas a utilizar los order blocks, vas a utilizar los highs y los lows y vas a utilizar la acción del precio"
zwI7c1h4Nfo,Tú tienes que ser inteligente en este punto porque de aquí en adelante ahora te toca practicarlo
zwI7c1h4Nfo,"Y si quieres aprender más sobre smart money, tengo un montón de videos en este canal como este video o como este video que te pueden enseñar más en profundidad del smart money"
zwI7c1h4Nfo,"Pero si quieres que yo sea tu mentor y te ayude a convertir el trading en tu mayor fuente de ingresos, debajo de este video te dejo un formulario"
zwI7c1h4Nfo,"Si lo rellenas, mi equipo te va a contactar y te va a decir si aplicas o no"
zwI7c1h4Nfo,"Así que sin más nada que decir, espero que te haya gustado este video, déjame un like y un comentario para saber que realmente aprendiste y lo estás practicando"
zwI7c1h4Nfo,Y nos vemos en el siguiente video
zwI7c1h4Nfo,Espero que hayas aprendido smart money fácil y rápido en 20 minutos
PDEdwp04Tv8,Hoy en día soy un trader siete cifras
PDEdwp04Tv8,Mes a mes genero cifras como estas o estas
PDEdwp04Tv8,"Sin embargo, siempre no fue así"
PDEdwp04Tv8,En mi etapa de principiante no había tanta información y la poca que había era muy confusa
PDEdwp04Tv8,Por eso quiero compartir contigo de forma resumida un tutorial desde la A la Z del trading
PDEdwp04Tv8,"Te enseñaré desde lo más básico, como si no tuvieras nada de experiencia o conocimiento en el trading, hasta algunos conceptos avanzados para que puedas ganar miles de dólares, como yo lo hice"
PDEdwp04Tv8,"Sin más nada que decir, vamos al video"
PDEdwp04Tv8,[Música] La palabra forex significa foreign exchange o intercambio de divisas en español
PDEdwp04Tv8,Imagínate que vives en España y vas de visita a Estados Unidos
PDEdwp04Tv8,En España se utiliza el euro
PDEdwp04Tv8,En Estados Unidos se utiliza el dólar
PDEdwp04Tv8,Es la moneda oficial de ese país
PDEdwp04Tv8,"Por tanto, tú necesitas cambiar tus euros por dólares"
PDEdwp04Tv8,"Y básicamente eso es Forex, el intercambio de una divisa a otra"
PDEdwp04Tv8,"Por eso en el día a día, sobre todo las personas que viajan, están haciendo Forex y ni siquiera se dan cuenta"
PDEdwp04Tv8,"Cuando viajas a Canadá, cuando viajas a China o cualquier país del mundo que estás intercambiando tu divisa de tu país local por una divisa extranjera, tú estás haciendo Forex"
PDEdwp04Tv8,"Y este no es el mercado más grande del mundo porque existan miles de turistas viajando, no, sino porque el comercio internacional es enorme"
PDEdwp04Tv8,"Y si tú quieres comprar productos desde China en Estados Unidos o quieres comprar productos en Canadá desde Estados Unidos, vas a tener que hacer los intercambios de divisa"
PDEdwp04Tv8,No vas a poder pagar con dólares en China o en Japón
PDEdwp04Tv8,Vas a tener que intercambiarlo por el peso chino o por el peso japonés
PDEdwp04Tv8,"Y en ese intercambio de divisas es donde nosotros, los inversionistas minoristas nos aprovechamos de esas fluctuaciones y podemos sacar mucho dinero"
PDEdwp04Tv8,Pero para operar Forex necesitamos primero saber qué son los pares de divisas
PDEdwp04Tv8,Tú no puedes decir que el euro tiene un valor o que el dólar tiene un valor
PDEdwp04Tv8,Ninguno tiene un valor
PDEdwp04Tv8,Solamente adopta un valor cuando lo comparamos el uno con el otro
PDEdwp04Tv8,"Por ejemplo, podemos decir que cuando comparamos con hay un valor de por medio"
PDEdwp04Tv8,Por eso podemos decir que el euro es una divisa menos despreciada que el dólar
PDEdwp04Tv8,"En este caso, las divisas del dólar y el euro son de las más fuertes a nivel mundial"
PDEdwp04Tv8,El mundo completo se puede regir solamente con dólar y euro
PDEdwp04Tv8,"Obviamente vamos a tener otras que también podemos decir que son principales, pero comparadas con el dólar y el euro no van a ser tan principales como el peso japonés, como el peso chino"
PDEdwp04Tv8,"Y luego vamos a tener unas divisas terciarias que realmente no se van a encontrar en el mercado internacional como el peso dominicano, el peso colombiano, el peso argentino"
PDEdwp04Tv8,Básicamente son divisas muy pequeñas y que solamente existen en el país de donde provienen
PDEdwp04Tv8,Es muy difícil que vayamos a Europa y podamos intercambiar euros por pesos colombianos y están muy lejos de Colombia para que ya estén intercambiando pesos colombianos por euros
PDEdwp04Tv8,Todo funciona en base a comparar dos divisas
PDEdwp04Tv8,"Una divisa no tiene un valor, otra tampoco tiene un valor, solamente adoptan un valor cuando se comparan entre sí mismos"
PDEdwp04Tv8,¿En qué horario se pueden tomar las operaciones en el mercado
PDEdwp04Tv8,Una de las ventajas que tenemos al hacer trading de Forex es que puedes operar todos los días a excepción de los fines de semana
PDEdwp04Tv8,El mercado está abierto desde el domingo a las 5 de la tarde y cierra el viernes a las 5 de la tarde
PDEdwp04Tv8,Puedes operar 5 días de la semana durante 24 horas
PDEdwp04Tv8,No puedes operar el viernes luego de las 5 de la tarde hasta el domingo hasta las 5 de la tarde
PDEdwp04Tv8,Básicamente el fin de semana sería libre
PDEdwp04Tv8,"Solamente puedes operar los días de semana, pero los días de semana puedes operar las 24 horas del día"
PDEdwp04Tv8,"Puedes analizar, puedes invertir, puedes hacer lo que quieras durante 5 días de semana, las 24 horas del día"
PDEdwp04Tv8,Y fíjate que la mayoría de ejemplos que te he dado han sido del euro y del dólar
PDEdwp04Tv8,Eso nos lleva a la pregunta de por qué el eurodólar es el par de divisas más importantes
PDEdwp04Tv8,Lo primero es que los países pertenecientes a la Unión Europea utilizan el euro como divisa nacional y el dólar ha sido por excelencia la divisa refugio
PDEdwp04Tv8,Es la divisa más fuerte a nivel mundial porque forma parte de la economía de la potencia más fuerte a nivel mundial que es Estados Unidos
PDEdwp04Tv8,"Por tanto, un gran porcentaje de las transacciones que se hacen en el mercado de Forex se hace en el eurodólar"
PDEdwp04Tv8,Yo en lo personal soy especialista en el eurodólar y todas mis inversiones son en el eurodólar
PDEdwp04Tv8,"Es en lo único que invierto, eurodólar"
PDEdwp04Tv8,Y más adelante vas a aprender por qué y las estrategias de cómo utilizo euro dólar y todo esto gratis
PDEdwp04Tv8,"Pero si tú buscas en internet o en cualquier lugar de buena información, cuál es el par de divisas más fuerte o más operado a nivel mundial, te va a decir el euroólar y ya sabes el por qué"
PDEdwp04Tv8,Ahora viene la pregunta del millón
PDEdwp04Tv8,¿Es esto realidad o es una farsa que se puede sacar dinero del trading
PDEdwp04Tv8,Nosotros los inversionistas minoristas lo que hacemos es que nos aprovechamos de las fluctuaciones del precio
PDEdwp04Tv8,"Intentamos en base al precio pasado proyectar un precio futuro más alto, un precio futuro más bajo"
PDEdwp04Tv8,Y lo puedes entender de una manera muy sencilla
PDEdwp04Tv8,Imagínate que compraste un par de zapatos Nike costaron $100
PDEdwp04Tv8,Estos zapatos gracias a la ley de oferta y demanda pueden subir o pueden bajar de valor
PDEdwp04Tv8,"Tú los compraste a 100, pero digamos que una semana después a las personas les encantó el par de zapatos y se volvió muy popular y ahora el zapato cuesta 180"
PDEdwp04Tv8,Tú lo compraste a 100 y lo vendiste a 180
PDEdwp04Tv8,Significa que la diferencia del precio o lo que tú te ganaste de esa transacción fueron $80
PDEdwp04Tv8,Asimismo funcionan las divisas
PDEdwp04Tv8,"Tú puedes comprar una divisa pagando con otra a un precio y cuando el valor de esa divisa que tú compraste aumenta, lo que haces es vender esa divisa para recuperar tus ganancias y lo que invertiste"
PDEdwp04Tv8,"Lo bueno del trading es que tú decides cuándo compras, cuándo vendes, a qué precio compras, a qué precio vendes"
PDEdwp04Tv8,Tú decides absolutamente todo
PDEdwp04Tv8,Lo que tú tienes que aprender es analizar el gráfico para poder proyectar esos movimientos
PDEdwp04Tv8,"Así que ya sea comprar zapatos, vender zapatos, comprar casas, vender casas o hacer trading, básicamente estamos haciendo lo mismo, comprando barato para luego vender caro"
PDEdwp04Tv8,"La única diferencia es que en este caso lo estamos haciendo directamente con divisas y lo bueno que podemos hacerlo desde nuestra computadora, desde nuestro celular, desde cualquier parte del mundo"
PDEdwp04Tv8,"Esos anuncios que te decían que podías hacer trading desde cualquier parte del mundo, realmente no se equivocaban"
PDEdwp04Tv8,"La única equivocación que tuvieron es que te decían que era fácil y no es nada fácil, pero sí es posible, se puede vivir del trading"
PDEdwp04Tv8,"Cuando te vayas adentrando a este mundo, te vas a encontrar algunas terminologías como largos, cortos, os toros"
PDEdwp04Tv8,son cosas que constantemente se van mencionando
PDEdwp04Tv8,Es como un lenguaje
PDEdwp04Tv8,"Cuando tú empiezas a estudiar ingeniería, hay un lenguaje de esa carrera y hay cosas que solamente los ingenieros entienden"
PDEdwp04Tv8,Aquí van a ver cosas que solamente los traders vamos a entender
PDEdwp04Tv8,En largo significa que iba a subir y que ibas a hacer una compra o en corto significa que iba a bajar o que ibas a hacer una venta
PDEdwp04Tv8,Lo mismo con los toros y los osos
PDEdwp04Tv8,El toro representa bullish
PDEdwp04Tv8,Bullish significa alcista
PDEdwp04Tv8,Cuando estás viendo el mercado alcista significa que el mercado está subiendo
PDEdwp04Tv8,El oso significa berry
PDEdwp04Tv8,"o significa que el mercado está bajista, por tanto va a bajar"
PDEdwp04Tv8,Cuando escuches la terminología de que los osos están ganando significa que hay más probabilidad de que el mercado baje
PDEdwp04Tv8,"Cuando veas que los toros están ganando significa que hay más probabilidad de que el mercado suba, porque recuerda, eso del trading trata mucho de la oferta y la demanda"
PDEdwp04Tv8,¿Qué tanto interés tiene una nación de que su divisa en comparación con otra llegue a un precio
PDEdwp04Tv8,¿Cuántas personas estarían interesadas en comprar si llega a este precio
PDEdwp04Tv8,¿Cuántas personas estarían interesadas en vender si llega este precio
PDEdwp04Tv8,Por eso hay una pelea constante entre los osos y los toros
PDEdwp04Tv8,Cada vez que busques Trading Forex vas a ver una pelea constante o imágenes que representan osos y toros peleando
PDEdwp04Tv8,"Cuando vamos a empezar a invertir, necesitamos tener una cosa que es el spread"
PDEdwp04Tv8,El spread es la diferencia entre el momento que tú presionas el botón para hacer una inversión al momento en que el mercado realmente se hace esa inversión
PDEdwp04Tv8,"Vamos a tener un organismo intermediario que te voy a explicar un poquito más adelante, que se va a encargar de poner esa decisión de compra o de venta dentro del mercado"
PDEdwp04Tv8,El spread va a ser la diferencia entre el precio que tú lo pediste y el precio que se pudo poner
PDEdwp04Tv8,Siempre el spread debería ser muy cercano al punto de inicio
PDEdwp04Tv8,"Y este pequeño costo de comisión, que va a ser la diferencia del precio, se va a llamar spread"
PDEdwp04Tv8,Algunas veces se te puede cobrar una comisión que es un monto fijo dependiendo la cantidad de dinero que tú desees invertir
PDEdwp04Tv8,Se te puede cobrar $ 3
PDEdwp04Tv8,Todo va a depender la entidad y el costo de comisiones que tengan
PDEdwp04Tv8,¿Qué es el análisis fundamental
PDEdwp04Tv8,"Recuerda que las divisas no solamente funcionan con oferta y demanda, también hay cosas que pueden afectar el precio de una divisa a corto y largo plazo"
PDEdwp04Tv8,"Por ejemplo, las tasas de interés"
PDEdwp04Tv8,"Por tanto, eso puede hacer que el precio de la divisa baje aumente según la ley de oferta y demanda"
PDEdwp04Tv8,¿Cuántas personas están interesados en invertir en el euro
PDEdwp04Tv8,La tasa de interés del euro ha bajado demasiado
PDEdwp04Tv8,"En el análisis fundamental, nosotros intentaríamos realizar proyecciones en base a eventos económicos"
PDEdwp04Tv8,¿Qué posiblemente puede pasar si este país cambia su política monetaria
PDEdwp04Tv8,¿Qué posiblemente puede pasar si este país disminuye las tasas de interés
PDEdwp04Tv8,¿Qué posiblemente puede pasar si este país aumenta el porcentaje de personas desempleadas
PDEdwp04Tv8,"Todo ese tipo de cosas que parecen aburridas pero al final no son tan aburridas, va a ser 100% necesario para nosotros convertirnos en traders"
PDEdwp04Tv8,El análisis fundamental nos va a ayudar a saber qué situación económica está pasando el país actualmente y cómo en base a eso nosotros podemos aprovecharnos del movimiento
PDEdwp04Tv8,"Por ejemplo, cuando estaba la época del COVID había muchas divisas que ya no se estaban utilizando como refugio"
PDEdwp04Tv8,Vemos países como China o Japón donde sus monedas ya no se estaban utilizando mucho porque fue el lugar donde hubo el brote del COVID
PDEdwp04Tv8,"El país no estaba concentrado en crecer la economía, el país estaba concentrado en contrarrestar el efecto del virus"
PDEdwp04Tv8,"Cada situación enorme que pase a nivel mundial va a afectar a las divisas, sobre todo a las divisas principales como el euro, dólar, como el peso japonés, como el dólar canadiense"
PDEdwp04Tv8,Todo lo que pasa en el mundo afecta las divisas y eso es el análisis fundamental
PDEdwp04Tv8,Ahora nuestra tarea va a ser aprender a analizar las gráficas
PDEdwp04Tv8,Todo esto es su lenguaje
PDEdwp04Tv8,"Así como los programadores tienen su lenguaje, nosotros los ter también tenemos nuestro lenguaje"
PDEdwp04Tv8,"Necesitamos aprender qué nos está diciendo el gráfico, porque solamente en el gráfico vamos a poder entender la comparación de las divisas"
PDEdwp04Tv8,"Existe la posibilidad de que suba, existe la posibilidad de que baje"
PDEdwp04Tv8,Esa es la parte que tenemos que aprender en la gráfica
PDEdwp04Tv8,Un pip es la medida de movimiento dentro de la gráfica
PDEdwp04Tv8,"Por ejemplo, la distancia nosotros la podemos medir en metros, kilómetros, hay diferentes herramientas de medida de distancia"
PDEdwp04Tv8,"El peso lo podemos medir en kilos, en libras"
PDEdwp04Tv8,"Hay diferentes maneras de medir el peso, pero en el gráfico la longitud y el tamaño del movimiento, nosotros lo vamos a medir en pip"
PDEdwp04Tv8,Básicamente el pip va a ser la unidad de medida dentro del gráfico
PDEdwp04Tv8,"El pip sería la medida en cifras de este intervalo numérico, 1.09900"
PDEdwp04Tv8,Cada dígito que va cambiando desde la parte derecha a la parte izquierda nos va a medir la cantidad de pips
PDEdwp04Tv8,"Si nosotros pasamos de 1.09900 a 1.09910, básicamente pasamos un pip"
PDEdwp04Tv8,Para que se mueva un pip tienen que moverse los dos últimos dígitos
PDEdwp04Tv8,"Cuando se mueven los tres últimos dígitos significa que no se movió un pip, se movieron 10 pips"
PDEdwp04Tv8,"Cuando se mueven los cuatro últimos dígitos no se movieron 10 pips, se movieron 100 pips"
PDEdwp04Tv8,"Y para hacerlo sencillo, solamente tenemos que sumar los últimos dígitos y adaptarlo a esta unidad de medida"
PDEdwp04Tv8,"Si vemos que el precio está en 1.09 100 y se mueve a 1.092, básicamente el precio avanzó 10 pips"
PDEdwp04Tv8,"Si vemos que el precio estaba en 1.10500 y se movió a 1.10 700, básicamente el precio avanzó 20 pips"
PDEdwp04Tv8,Una manera muy sencilla que nosotros podemos utilizar para analizar los pips es en el mismo Trading Bu
PDEdwp04Tv8,Existe en la parte izquierda una regla que se llama medida
PDEdwp04Tv8,Esa regla cuando la extendemos en el gráfico nos va a decir en la parte derecha va a salir un cuadro y en la parte derecha nos va a decir la cantidad de pips
PDEdwp04Tv8,"Por ejemplo, aquí vemos que me está diciendo 20.3, significaría que son 20.3 3 pips en ese movimiento de ese tamaño"
PDEdwp04Tv8,Otra manera ser sencilla sería simplemente calcular el valor como te lo enseñé anteriormente
PDEdwp04Tv8,"Si estamos en 1.09 800 y nos movimos a 1.09 850, se avanzaron cinco pips"
PDEdwp04Tv8,Las dos últimas cifras determinarían el pip
PDEdwp04Tv8,"Si ves que las dos últimas cifras se corrieron por 60 puntos, significaría que se corrieron 6 pips"
PDEdwp04Tv8,"Si se corrió por 100 puntos, se corrieron 10 pips"
PDEdwp04Tv8,"Si se corrió por 1000 puntos, se corrieron 100 pips"
PDEdwp04Tv8,"Luego de entender el pip, necesitamos saber qué es el lotaje"
PDEdwp04Tv8,El lotaje va a corresponder al tamaño de la inversión que nosotros queremos realizar en una operación en específico
PDEdwp04Tv8,Y ese tamaño de la operación nosotros le vamos a llamar un lote
PDEdwp04Tv8,Un lote equivale a por cada pip recorrido
PDEdwp04Tv8,"Por ejemplo, si tú inviertes un lote y el precio se mueve 10 pips en la dirección que tú estás buscando, significaría que estarías ganando $100"
PDEdwp04Tv8,"Si tú inviertes un lote y el precio ahora se mueve un pip, pero en la dirección contraria, significaría que estarías perdiendo $100"
PDEdwp04Tv8,El lote es la unidad de medida que va a calcular cuánto dinero nosotros estaríamos dispuestos a perder
PDEdwp04Tv8,"El lote sumado con el PIB nos va a decir cuánto dinero debemos invertir, en qué punto debemos dejar de ganar y en qué punto debemos dejar de perder, porque todo eso lo decidimos nosotros"
PDEdwp04Tv8,Y te doy otro ejemplo
PDEdwp04Tv8,"Si tú inviertes 10 lotes y el precio se mueve 50 pips en la dirección que tú estableciste, estarías ganando $5,000"
PDEdwp04Tv8,"Si tú inviertes 10 lotes y el precio se va 50 pips en la dirección contraria a la que tú querías ir, significaría que estarías perdiendo $5,000"
PDEdwp04Tv8,"Si tú proyectas que el precio va a subir, puedes ganar dinero"
PDEdwp04Tv8,"Si tú proyectas que el precio va a bajar, también puedes ganar dinero"
PDEdwp04Tv8,"Pero tienes que medir qué cantidad de pips tú consideras que puedes subir, qué cantidad de pips tú consideras que puedes bajar"
PDEdwp04Tv8,¿Qué es el apalancamiento
PDEdwp04Tv8,"Si tú tienes un apalancamiento 1 a 10, significa que la negociación que tú puedes hacer puede ser 10 veces superior al monto que tú tienes inicialmente"
PDEdwp04Tv8,"Si tú inviertes $100, tú puedes hacer una negociación de hasta $1,000 con un apalancamiento 1 a 10"
PDEdwp04Tv8,"Si tú tienes un apalancamiento 1 a 100, significa que tú puedes hacer una negociación hasta 100 veces mayor de la cantidad de dinero que tú tienes depositada"
PDEdwp04Tv8,"Básicamente, si tú tienes $1,000, tú puedes hacer una negociación de 100 veces más, hasta de $100,000 solamente por haber empezado a invertir con $1,000 en tu cuenta de trading"
PDEdwp04Tv8,El apalancamiento te va a ayudar a ganar más dinero o también te puede ayudar a perder más dinero
PDEdwp04Tv8,Por eso viene el control de riesgo
PDEdwp04Tv8,¿Qué es el margen
PDEdwp04Tv8,"Cuando tú vienes y depositas dinero en trading, tú lo haces en un broker"
PDEdwp04Tv8,El broker es la entidad que se encarga de conectarte con el mercado real
PDEdwp04Tv8,"Si tú tienes una cuenta de $1,000, el broker sabe que ya tú tienes $1,000"
PDEdwp04Tv8,"Esos $1,000 no se encuentran en el mercado internacional, se encuentran en el broker"
PDEdwp04Tv8,"Y como ya el broker sabe que tú tienes $1,000 dentro de la cuenta de ellos, ya ellos utilizan tu dinero como una garantía para llevar esos $1,000 al mercado internacional"
PDEdwp04Tv8,Básicamente que invierte en el dinero que no es tuyo con la garantía del dinero que ya tú pusiste
PDEdwp04Tv8,"Todo esto puede sonar como un poquito técnico, pero es importante saberlo, porque cuando nosotros queremos aprender algo, necesitamos aprenderlo al 100%"
PDEdwp04Tv8,"Si tú inviertes sin educación, lo único que vas a hacer es perder dinero"
PDEdwp04Tv8,"Por eso, un trader profesional gestiona el riesgo"
PDEdwp04Tv8,"Cada vez que yo hablo de trading en algún programa de televisión o algún programa de radio, muchas personas se ríen porque dicen, ""Wow, ¿cómo tú puedes hacer un 5% en un mes"
PDEdwp04Tv8,"¿Cómo tú puedas hacer un 3% en un mes?"" Si se supone que el banco, que es la entidad más importante del mundo a nivel financiero, solamente me ofrece un 7% de mi inversión por un año"
PDEdwp04Tv8,¿Cómo tú me vas a decir a mí que puedes hacer un 7% en un mes
PDEdwp04Tv8,Eso es más que posible y todo se puede lograr con manejo y control de riesgo
PDEdwp04Tv8,Un té profesional maneja y controla su riesgo a la perfección y no vacila en cuanto a las emociones para decidir si aumenta o si baja el riesgo
PDEdwp04Tv8,La mayoría de personas que llega al trading llega para hacer dinero rápido
PDEdwp04Tv8,Eso es una desventaja porque al intentar hacer dinero rápido también puede perder dinero rápido
PDEdwp04Tv8,Por eso una persona que está buscando ser profesional en esta área no puede llegar con la mentalidad de hacer dinero rápido o lo va a perder todo
PDEdwp04Tv8,Yo como trader profesional arriesgo máximo 1% de mi capital total en cada inversión y cada día que me enfrento al mercado solamente arriesgo un 1%
PDEdwp04Tv8,Existen muchas personas que en una sola inversión arriesgan el 100% de su capital total
PDEdwp04Tv8,"Es decir, que es como si fueran a un casino, pueden perderlo todo o pueden ganar mucho"
PDEdwp04Tv8,"Y como aquí estamos buscando vivir del trading, no queremos perderlo todo en una inversión, ya que muchas veces nos vamos a equivocar en cuanto a la dirección del mercado"
PDEdwp04Tv8,"Pero si manejamos un riesgo correcto, vamos a poder hacer mucho dinero a largo plazo"
PDEdwp04Tv8,Es posible hacer más de un 50% de tu cuenta en un año de trading
PDEdwp04Tv8,Es posible hacer un 25%
PDEdwp04Tv8,"Algunas personas son un poco más conservadoras y hacen un 10% en el año, pero hacen un porcentaje y así son las inversiones"
PDEdwp04Tv8,Arriesgas un poquito de dinero para hacer un poquito más de dinero de lo que arriesgaste
PDEdwp04Tv8,Y así es el trading
PDEdwp04Tv8,"También puede parecer fácil porque se hace desde su casa, pero no es tan fácil como te lo pintan"
PDEdwp04Tv8,"Recuerda que tú eres el que decides cuándo compras, cuándo vendes, cuándo sales y cuándo entras"
PDEdwp04Tv8,"Y sobre todo, cuánto dinero estás dispuesto a perder"
PDEdwp04Tv8,Todo lo decides tú
PDEdwp04Tv8,"Y aquí no queremos eso, aquí queremos crecer constantemente y hacer del trading algo profesional"
PDEdwp04Tv8,Tipos de órdenes
PDEdwp04Tv8,"Cuando nosotros empecemos a invertir, van a haber varias órdenes"
PDEdwp04Tv8,No todo el tiempo nosotros tenemos que estar en el mercado para tomar una inversión
PDEdwp04Tv8,Por eso vamos a encontrar órdenes de mercado y órdenes límites
PDEdwp04Tv8,Las órdenes de mercado nos van a permitir ejecutar y abrir nuestra inversión en el momento exacto
PDEdwp04Tv8,Eso yo puedo hacerlo por una ejecución de mercado
PDEdwp04Tv8,La ejecución de mercado básicamente me permitiría hacer la inversión instantáneamente
PDEdwp04Tv8,Decido que yo voy a invertir 10 lotes en el eurodólar y voy a hacer una ejecución de mercado ahora porque yo estoy estimando que el eurodólar va a subir 10 pips y lo hago
PDEdwp04Tv8,"Pum, ejecución de mercado"
PDEdwp04Tv8,"Es decir, que yo estoy proyectando de que en el euroólar va a llegar a este punto y luego va a volver a bajar a este punto"
PDEdwp04Tv8,"Lo que yo haría sería dejar una orden límite porque yo entiendo que una vez llegue este punto y luego va a bajar, es decir, a tener un retroceso, yo puedo aprovecharme de ese movimiento"
PDEdwp04Tv8,"O si yo entiendo de que el eurodólar va a subir y luego de que llegue a cierto punto va a seguir subiendo, yo también puedo aprovecharme de eso con una orden stop"
PDEdwp04Tv8,Pero van a haber dos órdenes automáticas que van a ser las más importantes dentro de toda nuestra carrera como traders
PDEdwp04Tv8,"Y necesito que ahora te pongas serio, porque esto que te voy a decir te puede ahorrar miles de dólares y al mismo tiempo te puede hacer miles de dólares"
PDEdwp04Tv8,Y estas son el stop loss y el take profit
PDEdwp04Tv8,El stop loss es el punto en el que tú decides que cuando te equivoques en la inversión vas a parar de perder
PDEdwp04Tv8,"Si tú decidiste que vas a perder $50, entonces el stop loss te va a permitir salir en el punto donde tú dijiste que vas a perder $50"
PDEdwp04Tv8,"Tanto el stoplos como el take profit van a ser tarea fundamental para tú colocar a la hora de decidir cuando salir en una operación, ya sea en ganancia o en pérdida"
PDEdwp04Tv8,Muchos traders pierden todo su dinero porque no utilizan stoplos
PDEdwp04Tv8,"A diferencia de un trader que maneja su riesgo, sabe que no puede arriesgar muchos porcentaje de la cuenta porque si no sería como apostar, no sería invertir"
PDEdwp04Tv8,"Tiene una cuenta de $1,000, decide arriesgar $30, $40, $50 y el stoplos le permite salir en el punto donde dijeron que iban a salir si la operación sale mal"
PDEdwp04Tv8,Usar stoplos y take profit pueden salvarte la vida
PDEdwp04Tv8,"A pesar de que el mercado esté abierto 245, 24 horas, 5 días de la semana, no deberíamos operar todo el tiempo"
PDEdwp04Tv8,Por eso van a haber diferentes sesiones
PDEdwp04Tv8,"Vamos a encontrar la sesión de New York, la sesión de London y la sesión asiática"
PDEdwp04Tv8,"Por ejemplo, cuando los principales bancos en Estados Unidos están abiertos, significa que el dólar va a tener un movimiento mayor, a diferencia de cuando están cerrados"
PDEdwp04Tv8,"Cuando los grandes bancos en Europa están abiertos, el euro va a tener un movimiento mayor que cuando los bancos están cerrados"
PDEdwp04Tv8,Y lo mismo con el peso japonés o el peso chino
PDEdwp04Tv8,Cuando los bancos asiáticos están cerrados va a tener un menor movimiento a diferencia de cuando están abiertos
PDEdwp04Tv8,"Por tanto, nosotros vamos a buscar que dependiendo el par de divisas en el que estemos invirtiendo, elijamos un horario específico para operar"
PDEdwp04Tv8,Generalmente vamos a ver que el mercado de London va a estar abierto en la madrugada si tú vives en el este
PDEdwp04Tv8,"Yo vivo en Miami, por tanto en Miami siempre es en la madrugada"
PDEdwp04Tv8,Vamos a ver que el mercado de New York está abierto en las mañanas hasta la tarde y el mercado asiático está abierto en la tarde hasta la noche
PDEdwp04Tv8,Y aquí te dejo los horarios específicos
PDEdwp04Tv8,"Ya tú sabes que si vas a operar euro dólar te va a convenir operarlo en la madrugada o en la mañana, ya que el mercado de London o el mercado de New York va a estar abierto"
PDEdwp04Tv8,"Pero luego de aprender todo esto, ¿dónde nosotros depositamos nuestro dinero para poder invertir en trading"
PDEdwp04Tv8,"Nosotros estamos haciendo todo desde la computadora o del celular, pero físicamente hay una entidad encargada de esas inversiones que tú le envías ponerle en el mercado real"
PDEdwp04Tv8,Realmente comprar los dólares e intercambiarlo por euros
PDEdwp04Tv8,Realmente comprar los euros e intercambiarlo por dólares
PDEdwp04Tv8,Esta entidad se va a llamar broker
PDEdwp04Tv8,El broker va a ser nuestro mejor aliado porque literalmente va a ser el trabajo difícil por nosotros
PDEdwp04Tv8,"Por eso ellos cobran comisiones y spread, que es lo que ellos ganan para poder hacer eso por nosotros"
PDEdwp04Tv8,Las comisiones y los spreads realmente no van a ser algo de preocupación
PDEdwp04Tv8,Son cosas pequeñas que no nos van a afectar para nada
PDEdwp04Tv8,"Pero si nosotros logramos entender todo esto y entender cómo funciona el broker, nos convertiremos en trades profesionales"
PDEdwp04Tv8,"Si tú ganas dinero, no es culpa del broker"
PDEdwp04Tv8,"Si pierdes dinero, tampoco, porque el broker solamente hace lo que tú le digas"
PDEdwp04Tv8,"Por eso, a la hora de buscar un broker, deberíamos buscar un broker seguro, porque literalmente ellos estarán encargados del dinero que nosotros le pongamos"
PDEdwp04Tv8,"Ellos estarán encargados de realizar la transacción y si es un buen broker, entonces todo va a salir bien y vamos a poder ganar dinero del trading"
PDEdwp04Tv8,¿Qué plataforma nosotros necesitamos para hacer trading
PDEdwp04Tv8,La primera es Trading View y aquí te muestro cómo funciona
PDEdwp04Tv8,"Trading View es esta página, es básicamente una página web, no es una plataforma que tienes que descargar, puedes entrar simplemente entrando a la web"
PDEdwp04Tv8,Trading View nos va a dar el precio tanto de si sube como si baja
PDEdwp04Tv8,"Por ejemplo, aquí vemos que el precio está subiendo y es una estructura alcista"
PDEdwp04Tv8,"Luego, cuando vemos en el pasado que el precio estaría bajando, sería una estructura bajista"
PDEdwp04Tv8,"Por ejemplo, aquí vemos que el precio está bajando"
PDEdwp04Tv8,Básicamente aquí abríó una estructura bajista
PDEdwp04Tv8,Todo el precio bajando aquí sería una estructura bajista
PDEdwp04Tv8,Todo el precio subiendo aquí sería una estructura alcista
PDEdwp04Tv8,Nosotros ahora estamos viendo el precio en el gráfico de velas
PDEdwp04Tv8,"Una vela japonesa sería un punto en específico que nos va a mostrar cuándo el precio abre, cuando el precio cierra, cuando el precio llegó a un punto alto, cuando el precio llegó a un punto bajo"
PDEdwp04Tv8,"Y te muestro, en mi caso, yo tengo mi gráfico con velas azules y velas negras"
PDEdwp04Tv8,Las velas azules indican que en ese intérvalo de tiempo el precio estuvo subiendo
PDEdwp04Tv8,Los intérvalos de tiempo los vamos a ver por aquí arriba
PDEdwp04Tv8,"1 minuto, 3 minutos, 5 minutos, 10 minutos, 15 minutos"
PDEdwp04Tv8,Lo que significan estos intérvalos de tiempo es que en una hora el precio subió
PDEdwp04Tv8,Cada cuadrito de estos que ustedes están viendo significa una hora
PDEdwp04Tv8,El cuadrito es un resumen de lo que pasó en la última hora en ese par de divisas
PDEdwp04Tv8,"En este caso, el par de divisas que estamos viendo siempre se ve arriba a la izquierda"
PDEdwp04Tv8,Es el USD CAT
PDEdwp04Tv8,sería el dólar canadiense contra el dólar americano
PDEdwp04Tv8,"Si estamos en el intervalo de una hora o la temporalidad de 1 hora, significa que este cuadrito que es la vela japonesa es el resumen de lo que pasó en la última hora"
PDEdwp04Tv8,"Cuando nos vamos a la temporalidad de una hora, este cuadrito es el resumen de lo que pasó en el día"
PDEdwp04Tv8,"Si vemos un cuadrito que es azul y grande, sobre todo en la temporalidad del día, significa que este fue un día alcista"
PDEdwp04Tv8,Si vemos un cuadrito que es negro y grande también significa que fue un día bajista o un día beish donde los osos dominaron
PDEdwp04Tv8,"A diferencia de que vemos un día donde el cuadrito no tiene ningún tamaño o el tamaño es muy pequeñito, fue un día de indecisión"
PDEdwp04Tv8,Hubieron tanto ventas como compras
PDEdwp04Tv8,El mercado subió como bajó
PDEdwp04Tv8,"Cuando nos vamos a la temporalidad de una hora, recuerda, cada cuadrito significa una hora"
PDEdwp04Tv8,En 5 minutos cada cuadrito significa la representación de lo que pasó en el gráfico en esos 5 minutos
PDEdwp04Tv8,"Si vemos que ese cuadrito de 5 minutos fue hacia abajo o fue negro, significa que estos 5 minutos fueron bajistas"
PDEdwp04Tv8,"Entonces, ahora te muestro a detalle cómo funcionan más estos cuadritos"
PDEdwp04Tv8,Fíjate este cuadrito de aquí
PDEdwp04Tv8,El precio de apertura para las velas alcistas sería la parte de abajo y el precio de apertura para las velas bajistas sería la parte de arriba
PDEdwp04Tv8,Me voy a la temporalidad de una hora para explicarte mejor
PDEdwp04Tv8,"Recuerda, en la temporalidad de una hora, cada cuadrito representa el resumen del precio en una hora"
PDEdwp04Tv8,Vamos a analizar esta vela japonesa de aquí
PDEdwp04Tv8,"Cuando llegaron las 1 de la tarde del día 17 de agosto, el precio abrió aquí, subió todo esto y cuando se acabó la hora cerró aquí"
PDEdwp04Tv8,"Luego, cuando vino a la siguiente hora, que fueron las 2 de la tarde, el precio abrió aquí y cerró aquí"
PDEdwp04Tv8,"Las velas alcistas siempre van a abrir abajo y van a cerrar arriba, a diferencia de las velas bajistas que van a abrir arriba y van a cerrar abajo"
PDEdwp04Tv8,Este sería el caso perfecto
PDEdwp04Tv8,Vemos que ahora a las 3 de la tarde el precio abrió aquí y terminó cerrando aquí
PDEdwp04Tv8,"Si el precio hubiese abierto aquí y hubiese seguido subiendo, entonces la vela fuera color azul y hubiese seguido subiendo la apertura abajo y el cierre arriba"
PDEdwp04Tv8,"Pero, ¿qué significarían estos palitos que están por aquí"
PDEdwp04Tv8,"Si tú te fijas, actualmente el precio sigue abierto y se está moviendo"
PDEdwp04Tv8,Mira esta parte de aquí
PDEdwp04Tv8,"Si vemos detenidamente, se va moviendo poco a poco"
PDEdwp04Tv8,"El palito de arriba significa que el precio estuvo en ese punto, pero no se pudo mantener"
PDEdwp04Tv8,Y te lo voy a dibujar para que entiendas un poquito más de la representación que te quiero hacer
PDEdwp04Tv8,"Es decir, imagínate que son las 1 de la tarde, el precio empezó a subir y resulta que llegó a este punto"
PDEdwp04Tv8,"Luego de haber llegado a este punto, no pudo mantenerse en ese punto y terminó bajando un poquito"
PDEdwp04Tv8,"A pesar de que haya subido, no subió tanto como estaba hace unos minutos"
PDEdwp04Tv8,"Entonces, se queda ese pequeño palito que sería la mecha"
PDEdwp04Tv8,"La mecha de la vela japonesa sería el punto donde el precio estaba, pero no se pudo mantener"
PDEdwp04Tv8,"Ya había visitado el precio en esa hora, pero no se mantuvo y deja la mecha"
PDEdwp04Tv8,"La mecha de abajo también significaría lo mismo, pero para la parte de abajo"
PDEdwp04Tv8,"Si ustedes se fijan y les voy a hacer un zoom muy grande en esta parte de aquí, el cuadrito está subiendo, subiendo, subiendo y aquí dejó una mecha"
PDEdwp04Tv8,"Fíjense ese palito que está por encima de aquí, este palito de aquí"
PDEdwp04Tv8,"Ese palito significa que el precio en su momento estuvo aquí, pero no se pudo mantener"
PDEdwp04Tv8,"Por tanto, llegó aquí, no se mantuvo y ahora se encuentra en esta parte actual"
PDEdwp04Tv8,"Como estamos en la temporalidad de una hora, a esa vela le quedan 54 minutos y 8 segundos para cerrar"
PDEdwp04Tv8,"En mi caso, yo las puse azules"
PDEdwp04Tv8,"En este caso, velas azules para alcistas y velas negras para bajistas"
PDEdwp04Tv8,"El cuerpo de la vela cerraría literalmente aquí debajo y veríamos que como el precio estuvo aquí recientemente, dejó una mecha"
PDEdwp04Tv8,"Cuando estamos explorando Trading View, recuerda, en la parte superior izquierda siempre vamos a ver el par de divisas"
PDEdwp04Tv8,"Si nosotros queremos buscar por ejemplo la libre esterlina con el peso japonés, buscamos GBPJPY"
PDEdwp04Tv8,Yo siempre elijo el primer proveedor de liquidez
PDEdwp04Tv8,"En este caso sería Oanda, sería la data"
PDEdwp04Tv8,"viene de Oanda, la data del gráfico en tiempo real"
PDEdwp04Tv8,"Siempre elijo el primero, me gusta elegir el primero"
PDEdwp04Tv8,"Todo esto son las temporalidades, todo estos son los tipos de gráficos"
PDEdwp04Tv8,"Por ejemplo, podemos tener gráficos de barra, gráficos de líneas"
PDEdwp04Tv8,Aquí puedes entender mejor las tendencias
PDEdwp04Tv8,"Esto es, por ejemplo, una tendencia alcista"
PDEdwp04Tv8,"Bajó fuerte, hizo un retroceso y volvió a bajar"
PDEdwp04Tv8,"También podemos tener el gráfico de velas, que este es el gráfico por excelencia, el que la mayoría de los traders utilizan"
PDEdwp04Tv8,el que yo utilizo y el más fácil de entender para el trader minorista
PDEdwp04Tv8,Vamos a poder tirar fotos para guardar para luego
PDEdwp04Tv8,Y aquí en la parte izquierda vamos a tener todas nuestras herramientas para analizar
PDEdwp04Tv8,Trading View va a ser nuestra mejor herramienta o yo pudiera decir la única herramienta que vamos a utilizar para analizar el gráfico y para determinar si va a subir o si va a bajar
PDEdwp04Tv8,La segunda herramienta que vamos a utilizar va a ser el Metatrader
PDEdwp04Tv8,"Metatrader tiene dos versiones, Metatader 4 y Metatrader 5"
PDEdwp04Tv8,Ambos son lo mismo
PDEdwp04Tv8,"Básicamente la cinco es un poquito más actualizada, la cuatro es un poquito más clásica"
PDEdwp04Tv8,A mí me gusta la cuatro y te recomiendo descargar Metatrader 4
PDEdwp04Tv8,"Cuando entramos a Metatrader 4, vamos a ver que nos pide una cuenta o podemos registrar una cuenta demo"
PDEdwp04Tv8,Una cuenta demo sería una cuenta de prueba
PDEdwp04Tv8,"Cuando entramos a la cuenta demo, vamos a ver cinco opciones en la parte de abajo"
PDEdwp04Tv8,"Vamos a ver quotes, vamos a ver charts, vamos a ver trade, vamos a ver history y vamos a ver settings"
PDEdwp04Tv8,En la parte de trade es donde nosotros abrimos nuestras operaciones
PDEdwp04Tv8,Vamos a ver que arriba en la parte derecha va a haber un símbolo de más
PDEdwp04Tv8,Cuando lo tocamos arriba nos sale el par de divisas que nosotros vamos a operar
PDEdwp04Tv8,"Si el que nos sale es euro dólar, vamos a ver que abajo dice market execution o ejecución de mercado"
PDEdwp04Tv8,¿Recuerdas cuando te enseñé eso que indicaba que puedes poner la operación en el instante
PDEdwp04Tv8,"Debajo de market execution o ejecución de mercado, vamos a ver que hay un número"
PDEdwp04Tv8,Ese número sería el lotaje
PDEdwp04Tv8,"Si tú quieres invertir 10 lotes en esa operación, entonces escribirías 10.00 00 o simplemente un 10"
PDEdwp04Tv8,"Si tú entiendes que el mercado va a subir o tu proyección es que va a subir, tú presionas el azul que sería comprar"
PDEdwp04Tv8,"Y si tú entiendes que el mercado va a bajar o tu proyección es bajar, tú presionas el rojo, que sería vender"
PDEdwp04Tv8,"En ambos casos, tanto si tu proyección es correcta, vas a ganar, como si tu proyección es incorrecta, vas a perder"
PDEdwp04Tv8,"Cuando nos vamos atrás, hay otra opción que dice historial en la parte de abajo"
PDEdwp04Tv8,"Ahí van a salir las operaciones ya cerradas, ya sea si ganaste o si perdiste"
PDEdwp04Tv8,"En la otra parte de derecha vas a encontrar las configuraciones donde vas a poder ver tu cuenta, número de cuenta o cambiar de cuenta"
PDEdwp04Tv8,"Luego, cuando nos vamos a la parte izquierda, vamos a ver gráficos o charts"
PDEdwp04Tv8,Va a ser una pequeña representación gráfica del par de divisas que estás analizando
PDEdwp04Tv8,"Y por último, en la parte izquierda vas a ver la palabra quotes"
PDEdwp04Tv8,"En quotes vas a poder identificar el par de divisas, el spread que tiene tu broker con ese par de divisas, el precio de entrada o el precio de spread donde te pudiera poner el broker"
PDEdwp04Tv8,"Al tú pedir esa operación, lo vas a ver en el medio"
PDEdwp04Tv8,Vas a ver que el precio del medio dice un precio y el precio de la derecha dice otro precio
PDEdwp04Tv8,El del medio sería el precio actual y el de la derecha sería el precio donde el broker te entraría si tú decides comprar o vender
PDEdwp04Tv8,Ahora Metatrader va a ser tu mejor aliado o pudiera decir el único aliado a la hora de tú abrir operaciones
PDEdwp04Tv8,Psicología del trader
PDEdwp04Tv8,Hacer un análisis se vuelve fácil y monótono
PDEdwp04Tv8,"Tú puedes aprender muchas maneras de hacer análisis, estrategias"
PDEdwp04Tv8,Te voy a enseñar todo eso
PDEdwp04Tv8,Pero trabajar la mente es la parte más difícil
PDEdwp04Tv8,"Imagínate, tú tienes años siendo la misma persona"
PDEdwp04Tv8,Y esto de trading tiene que ver mucho con la psicología y el dominio de nuestras emociones
PDEdwp04Tv8,"Cuando tú te sientes triste o cuando tienes deseo de ganar mucho dinero rápido, generalmente cometes muchos errores"
PDEdwp04Tv8,Esos errores te van a llevar a perder dinero
PDEdwp04Tv8,Por eso nosotros tenemos que tener una mente de acero y un control psicológico perfecto cuando hacemos trading
PDEdwp04Tv8,Lo difícil del trading no va a ser aprender
PDEdwp04Tv8,"Por ejemplo, si tú eres una persona impaciente en tu vida normal, vas a ser impaciente en trading o mucho más impaciente"
PDEdwp04Tv8,"Si tú eres una persona ansiosa, vas a ser mucho más ansioso cuando vengas al trading"
PDEdwp04Tv8,"Por eso, el control psicológico va a ser clave"
PDEdwp04Tv8,"No de una manera indirecta, de una manera totalmente directa, porque el trader es el que toma las decisiones, el que decide cuándo entrar, cuándo salir"
PDEdwp04Tv8,"Y si el trader no está en un buen mantenimiento, si su mente no está en orden, no va a tomar buenas decisiones"
PDEdwp04Tv8,Recuerda que tú eres el culpable de todas las decisiones que has tomado hasta el día de hoy
PDEdwp04Tv8,"Si hoy estás tomando la decisión de aprender trading, es tu culpa también"
PDEdwp04Tv8,"Por tanto, cada vez que tú decidas comprar o vender, cada vez que tú ganes o pierdas, va a ser tu culpa el resultado"
PDEdwp04Tv8,Y queremos tomar la mejor decisión posible para minimizar el riesgo a perder
PDEdwp04Tv8,"Siempre vas a perder, pero queremos minimizar ese riesgo y al final ganar más de lo que pierdas"
PDEdwp04Tv8,Por eso vas a necesitar psicología del trader
PDEdwp04Tv8,"Y te quiero enseñar una operación real que tomé hace poco tiempo de la que hice en mi cuenta $80,000"
PDEdwp04Tv8,"Esa operación incluso la mandé por mi grupo de Telegram, que es un grupo gratuito donde hay miles de personas para que todos la tomaron"
PDEdwp04Tv8,"Vemos personas que ganaron $5,000, $,000, $1,000"
PDEdwp04Tv8,"Lo mandé totalmente gratuito porque yo no solamente busco mi crecimiento, sino el crecimiento de la comunidad de Walthy Trades y ahí todo el mundo está en crecimiento"
PDEdwp04Tv8,"Siempre estoy mandando cosas educativas, cosas de crecimiento y en esta ocasión mandé una operación y te la quiero enseñar"
PDEdwp04Tv8,Esta operación que te estoy hablando fue en el par de divisas eurodólar
PDEdwp04Tv8,"Yo soy especialista en el eurodólar y yo solamente opero eurodólar todos los días, solamente eurodólar"
PDEdwp04Tv8,"En el eurodólar, en este cuadrito que tú ves aquí, nosotros le llamamos el cuadrito del riesgo beneficio"
PDEdwp04Tv8,Ese cuadrito nos da a entender que en el punto donde se encuentran los dos colores fue el punto donde yo puse mi operación
PDEdwp04Tv8,En el punto donde se acaba el color negro sería mi punto de stop loss y en el punto donde se acaba el color azul sería mi punto de take profit
PDEdwp04Tv8,"Tú te fijas que este cuadrito, la parte azul, es más grande que la parte negra"
PDEdwp04Tv8,Significa que yo estoy buscando arriesgar menos de lo que voy a ganar o ganar más de lo que voy a arriesgar
PDEdwp04Tv8,"En toda inversión en trading, nosotros necesitamos buscar ganar más de lo que vamos a arriesgar"
PDEdwp04Tv8,Vamos a arriesgar uno para ganar dos
PDEdwp04Tv8,Vamos a arriesgar 10 para ganar 20
PDEdwp04Tv8,Siempre se busca ganar más de lo que se va a arriesgar
PDEdwp04Tv8,"En esta parte vemos que yo arriesgué siete pips, que lo dice aquí"
PDEdwp04Tv8,Y fíjate que en el medio aquí los números que salen aquí en negro dice 7.2
PDEdwp04Tv8,Yo arriesgué 7.2 pips para ganar 17 pips
PDEdwp04Tv8,"Es decir, que yo estoy arriesgando uno para ganar 2.4"
PDEdwp04Tv8,"Si yo arriesgué $1,000, yo estoy arriesgando $1,000 para ganar $24,400"
PDEdwp04Tv8,"En este caso, lo que yo hice fue arriesgar alrededor de $30,000, que sería el 1% de la cuenta que estoy manejando"
PDEdwp04Tv8,"Estoy manejando 3.1,000 en mi cuenta"
PDEdwp04Tv8,"Si yo estoy arriesgando el 1%, serían alrededor de $30,000"
PDEdwp04Tv8,"Estaría arriesgando $30,000 para ganar 80,000"
PDEdwp04Tv8,"Para ganar entre 75 y 80,000"
PDEdwp04Tv8,"En este caso gané 80,000"
PDEdwp04Tv8,Lo que yo entendí y analicé aquí era que en este punto específico la operación iba a bajar
PDEdwp04Tv8,"Y fíjate, aquí vamos a irnos a un gráfico un poquito más pequeño, una temporalidad más pequeña, como 5 minutos"
PDEdwp04Tv8,Mira lo que pasó
PDEdwp04Tv8,"Antes de que llegara a este punto en específico, yo había analizado que una vez llegara a este punto, el precio iba a bajar hasta este punto"
PDEdwp04Tv8,"Una vez el precio llegó a este punto, yo había puesto una operación en venta y entendí que podía bajar hasta este punto"
PDEdwp04Tv8,"Y mira qué directo, qué preciso"
PDEdwp04Tv8,"Desde este punto de aquí, una vez se activó la orden, bajó y cuando llegó al punto donde yo entendí que iba a subir, se devolvió"
PDEdwp04Tv8,literalmente fue una entrada perfecta en venta y esa la hice en euroólar y se la mandé y miles de personas
PDEdwp04Tv8,En este video te acabo de enseñar todo lo básico del trading
PDEdwp04Tv8,"Literalmente ya tienes una noción principal de todo lo que significa ser un trader, las plataformas necesarias, todo lo que necesitas para empezar a analizar el gráfico"
PDEdwp04Tv8,"En futuros videos te estaré adelantando más información, pero literalmente en este canal de YouTube tienes todo lo que necesitas para aprender trading, desde básico hasta avanzado"
PDEdwp04Tv8,"Y ahora que sabes toda la parte básica, es hora de llevar tu conocimiento a intermedio y avanzado"
PDEdwp04Tv8,Ya literalmente tienes la información que el 90% de las personas no tienes
PDEdwp04Tv8,Eres parte del 10%
PDEdwp04Tv8,Ahora te falta formar parte del 1% que logra sacar mucho dinero y que logra hacerse millonario
PDEdwp04Tv8,Utiliza todo este conocimiento para tu propio beneficio y es hora de que te conviertas en un trader profesional
PDEdwp04Tv8,Esto ha sido todo por este video
PDEdwp04Tv8,Te invito a que le des like y que te suscribas
PDEdwp04Tv8,En este canal tenemos literalmente oro
PDEdwp04Tv8,"Puede ser que hoy te estés introduciendo al trading, pero te vas a dar cuenta que a medida de que vas viendo video tras video, te vas volviendo mejor y mejor y mejor"
PDEdwp04Tv8,Nos vemos en el siguiente video.
KpEnDm3h-gU,"Si tú haces trading tradicional y al mismo tiempo haces trading institucional, existe una manera de combinarlo los dos para poder hacer más profits"
KpEnDm3h-gU,Por eso me he tomado de atrevimiento de hacer este video para que tú puedas aprender cómo combinar las dos estrategias y al mismo tiempo maximizar tus ganancias
KpEnDm3h-gU,"Así que si has empezado a ver order blocks y soporte y resistencias, no te preocupes que aunque no sean compatibles, en este video lo vamos a hacer compatibles para que los utilices los dos"
KpEnDm3h-gU,"Y sin más nada que decir, empecemos este video"
KpEnDm3h-gU,"Hay una frase muy famosa en el mundo del trading que dice, ""La tendencia es tu amiga y esto es 100% real"
KpEnDm3h-gU,"Cada uno va a definir la tendencia porque la estructura alcista define la tendencia alcista, es decir, buscar compras en el mercado"
KpEnDm3h-gU,"La estructura bajista define la tendencia bajista, es decir, buscar ventas en el mercado"
KpEnDm3h-gU,Y dentro de estos dos van a existir diferentes puntos que nosotros vamos a llamar puntos de quiebre
KpEnDm3h-gU,"Es importante que aprendas que cuando el precio está yendo de una estructura alcista a una bajista, se tiene que romper el último higher low"
KpEnDm3h-gU,"Y cuando el precio está yendo de una estructura bajista a una estructura alcista, se tiene que romper el último lower high"
KpEnDm3h-gU,"Esto es regla, esto es clave y dominar esto va a ser clave para poder aprender lo que te voy a enseñar"
KpEnDm3h-gU,"Entonces, sabiendo esto, que la verdad es muy básico y lo he explicado en otros tutoriales, quiero que aprendas lo siguiente"
KpEnDm3h-gU,"Cuando tú estás analizando la estructura, en este caso vamos a hacerlo en la temporalidad de una hora, en las estructuras siempre van a haber puntos que nosotros vamos a llamar puntos de inflexión"
KpEnDm3h-gU,Los puntos de inflexión van a ser los highs y los lows
KpEnDm3h-gU,Los highs y los lows
KpEnDm3h-gU,Y la manera en la que lo vamos a utilizar va a ser la siguiente
KpEnDm3h-gU,Primero vamos a definir la estructura y a identificar los highs y los lows con sus puntos de inflexión
KpEnDm3h-gU,Pero cada y cada low nosotros le vamos a llamar puntos de inflexión y vamos a hacer lo siguiente
KpEnDm3h-gU,"En cada high y cada low, como nosotros observamos que lo que pasa generalmente es lo siguiente, que el precio va bajando y se para, se detiene y acumula"
KpEnDm3h-gU,"Cuando sube de nuevo, es decir, que hace un retroceso, se detiene y acumula antes de bajar de nuevo"
KpEnDm3h-gU,"Luego se detiene y acumula antes de subir de nuevo, luego se detiene y acumula antes de bajar de nuevo"
KpEnDm3h-gU,"Nosotros vamos a elegir la herramienta de rectángulo y cada punto de inflexión lo vamos a tachar, es decir, cada high y cada low"
KpEnDm3h-gU,Nos vamos a observar que cada high y cada low que tengan acumulaciones dentro lo vamos a poner en un cuadrado
KpEnDm3h-gU,"Es decir, esto aquí es un high, un low, perdón, que tiene una acumulación dentro porque tiene una vela, dos, tres velas como que no encuentran hacia dónde ir"
KpEnDm3h-gU,Lo mismo por aquí tenemos que tienen varias velas que no encuentran hacia dónde ir
KpEnDm3h-gU,Lo mismo va a ser por aquí
KpEnDm3h-gU,High con varias velas que no encuentran hacia dónde ir
KpEnDm3h-gU,"Lo mismo va a ser por aquí, lo mismo va a ser por aquí, lo mismo también por aquí"
KpEnDm3h-gU,"Y lo mismo por aquí, lo mismo por aquí"
KpEnDm3h-gU,Lo mismo por aquí también
KpEnDm3h-gU,Es lo mismo por aquí también
KpEnDm3h-gU,Y por último vamos a elegir lo mismo por aquí también
KpEnDm3h-gU,"Por ejemplo, este de aquí ya observamos que no se utilizó, pero si extendemos este de aquí, este de aquí se combinaría con este y al mismo tiempo se combinaría con este"
KpEnDm3h-gU,"La acumulación es igual a, recuerda lo que vimos en el video anterior, la acumulación es igual a dinero"
KpEnDm3h-gU,"Y como en la acumulación hay dinero, lo que nosotros buscamos es que quiebre ese punto de acumulación y lo utilice del lado contrario o que simplemente lo utilice"
KpEnDm3h-gU,"Por ejemplo, aquí vamos a encerrar este cuadrito desde la mecha más bajita hasta la mecha más alta de la zona"
KpEnDm3h-gU,"Y cuando lo extendemos vemos que, por ejemplo, aquí toca y funciona y se combina con este también"
KpEnDm3h-gU,"Entonces, lo que hacemos es que eliminamos uno de los dos, puede ser este bajito, y nos quedamos con este punto alto"
KpEnDm3h-gU,"El objetivo de estas zonas de acumulación es que cuando el precio vuelva a llegar a estas zonas de acumulación, la termine utilizando y el precio se termine moviendo hacia una dirección"
KpEnDm3h-gU,"No todas las zonas de inflexión se van a utilizar, por ejemplo, hay algunas como estas que tal vez no se van a utilizar tanto, pero lo que hacemos es ser inteligentes a la hora de colocarlas"
KpEnDm3h-gU,Vamos a irnos a otro escenario de otro día para que veas cómo la colocaríamos y que sea más lo más eficiente posible
KpEnDm3h-gU,Y es de la siguiente manera
KpEnDm3h-gU,"Vamos, por ejemplo, por aquí"
KpEnDm3h-gU,"Esta forma de ver el mercado va a funcionar mejor cuando estamos en rangos, es decir, cuando no estamos en grandes tendencias"
KpEnDm3h-gU,"Y lo que vamos a hacer es identificar esas zonas de acumulación donde el precio baja, sube, baja, sube mucho, como estas de aquí"
KpEnDm3h-gU,La vamos a encerrar desde el punto más bajito hasta el punto más alto y lo vamos a extender con el objetivo de que funcione como una zona de soporte o resistencia
KpEnDm3h-gU,Pero estos soportes y resistencias tienen otra lógica
KpEnDm3h-gU,La lógica de los soportes y resistencias es que cuando el precio llegue a ellas lo va a utilizar
KpEnDm3h-gU,"Pero en este sentido nosotros estamos buscando zonas de balance de precio, zonas que tienen mucho dinero, el precio se alejó de ellas y luego volvió para ser utilizadas"
KpEnDm3h-gU,"Otra forma en la que lo vamos a colocar es, por ejemplo, aquí"
KpEnDm3h-gU,Fíjate que vamos a ver aquí
KpEnDm3h-gU,"Por ejemplo, en este caso, el precio se puso lento, empezó a subir, bajar muy lento y lo que hacemos es encerramos esa zona completa de acumulación y lo extendemos"
KpEnDm3h-gU,El objetivo es esperar que el precio se aleje de esa zona de acumulación y luego regrese
KpEnDm3h-gU,"Si nosotros observamos esta zona de acumulación aquí en este punto de arriba, el precio literalmente se está alejando"
KpEnDm3h-gU,"Cuando el precio regresa, el objetivo es buscar tomar la entrada cuando el precio regrese"
KpEnDm3h-gU,"Obviamente vamos a recurrir a otras confirmaciones como 5 minutos, 15 minutos que vamos a ir probando con el tiempo"
KpEnDm3h-gU,"Pero ahora que estamos analizando la temporalidad de una hora, quiero que observen como cuando el precio llega a estas zonas que estamos creando con estructura, se termina alejando"
KpEnDm3h-gU,"Fíjense que llegó otra vez, hubo una pequeña indecisión y luego el precio se terminó alejando de esta zona"
KpEnDm3h-gU,Nosotros vamos a utilizar estas zonas para comprar y vender con mayor seguridad
KpEnDm3h-gU,"El objetivo es identificar las zonas bien, porque no todas las acumulaciones son buenas"
KpEnDm3h-gU,Vamos a buscar otros ejemplos de esta zona de acumulación que sirvan como ejemplo práctico para que ustedes mismos puedan aprender estas zonas y practicar estas zonas
KpEnDm3h-gU,El concepto es muy bueno y muy abierto y les va a ayudar muchísimo
KpEnDm3h-gU,Entonces en este punto nosotros vamos a elegir específicamente las velas que vienen bajando con la vela que se devuelve más las velas de acumulación
KpEnDm3h-gU,Serían estas velas que viene bajando más las velas de acumulación más la vela que se devuelve
KpEnDm3h-gU,Y esa va a ser nuestra zona
KpEnDm3h-gU,"En el momento en que nosotros queremos extender esta zona, fíjense que en el futuro la extendemos y funciona con mayor precisión"
KpEnDm3h-gU,"Si podemos identificar las zonas de esta manera, literalmente se vuelve un concepto killer"
KpEnDm3h-gU,"Fíjense, vamos a buscar otra, por ejemplo, vamos a buscar una como como esta, por ejemplo"
KpEnDm3h-gU,"Tenemos las velas que vienen subiendo, las velas que vienen bajando"
KpEnDm3h-gU,¿Qué hacemos nosotros
KpEnDm3h-gU,Extendemos las velas que vienen subiendo hasta arriba
KpEnDm3h-gU,las velas que vienen bajando hasta aquí y luego el concepto lo extendemos con el objetivo de que se utilice en un futuro
KpEnDm3h-gU,"Mismo que vamos a hacer en puntos como este, por ejemplo, tenemos la vela que viene bajando, las acumulaciones, la vela que viene subiendo"
KpEnDm3h-gU,"Por eso le llamamos puntos de inflexión, puntos donde llega el precio y tiene tanta fuerza para sostener ese punto que el precio termina devolviéndose"
KpEnDm3h-gU,"Fíjate aquí, acumulación que viene subiendo, luego que viene bajando y lo encerramos todo"
KpEnDm3h-gU,"Encerramos la parte de arriba, la parte de abajo y esa zona ahora la extendemos"
KpEnDm3h-gU,Y esta es una forma también de utilizar el concepto
KpEnDm3h-gU,"Si vemos que la zona de acumulación pasa muy fuerte, así como esta que tiene una vela roja grandota, utilizamos esta zona de acumulación para el lado contrario"
KpEnDm3h-gU,En ese caso sería ventas y así sucesivamente
KpEnDm3h-gU,"En este caso, fíjate que creamos la zona, el pr fue hacia arriba"
KpEnDm3h-gU,"En vez de llegar y tocar la zona y hacia arriba, lo que hizo fue que pasó muy fuerte a través de la zona y la estamos utilizando del lado contrario"
KpEnDm3h-gU,Este caso también es válido
KpEnDm3h-gU,"Por ejemplo, mira aquí otra vez donde podemos elegir la vela verde, la vela roja"
KpEnDm3h-gU,Lo encerramos por completo y si marcamos la zona sería esto
KpEnDm3h-gU,"Cuando vemos que el precio llega, a pesar de que se pasa un poquito, termina bajando fuerte"
KpEnDm3h-gU,Es una muy buena manera de observar los patrones de precio
KpEnDm3h-gU,"Fíjense, por ejemplo, aquí"
KpEnDm3h-gU,Aquí funciona muy bien
KpEnDm3h-gU,Nosotros aquí tenemos la acumulación
KpEnDm3h-gU,Vemos que el precio aquí se sale de la acumulación
KpEnDm3h-gU,¿Qué hacemos
KpEnDm3h-gU,"Encerramos las velas verdes, las velas rojas en una pequeña zona aquí y luego extendemos una zona en ese punto con el objetivo de que una vez toque podemos vender"
KpEnDm3h-gU,"Posiblemente eso fue un elemento económico, cualquier cosa, pero lo importante es que el precio bajó fuertísimo"
KpEnDm3h-gU,Si medimos eso en pips serían 150 pips
KpEnDm3h-gU,"Casimente terminó bajando el precio después de esa zona, lo que nos garantiza una buena entrada en este punto"
KpEnDm3h-gU,Vamos a seguir observando ejemplos
KpEnDm3h-gU,"Por ejemplo, mira este aquí que ya tenía marcado"
KpEnDm3h-gU,"Tenemos una zona de acumulación, luego el precio se aleja fuerte"
KpEnDm3h-gU,Luego cuando regresa utilizamos la zona para vender
KpEnDm3h-gU,Regresa otra vez venta y regresa otra vez venta
KpEnDm3h-gU,Y podemos hacer lo mismo una y otra vez una y otra vez cada vez que encontremos acumulaciones dentro del precio
KpEnDm3h-gU,Entonces el truco va a ser aquí encontrar los highs y encontrar los lows
KpEnDm3h-gU,"Veamos, por ejemplo, eh, vamos a ver aquí, mir, aquí el precio está bajando, está subiendo, como que hay una un poco de indecisión por esa parte"
KpEnDm3h-gU,"Y si se ve como un pequeño movimiento, no lo es, es un movimiento de 75 pips, un movimiento muy bueno"
KpEnDm3h-gU,"Al mismo tiempo podemos literalmente día y noche seguir buscando zonas, zonas y zonas y lo vamos a encontrar"
KpEnDm3h-gU,"Entonces, para resumir, el truco de todo esto va a ser cuando estemos identificando una estructura alcista como esta, vamos a buscar los puntos de inflexión como este y como este"
KpEnDm3h-gU,"Y vamos a buscar que en estos puntos, estos highs y lows, existan ciertas acumulaciones"
KpEnDm3h-gU,"Porque si existen ciertas acumulaciones, nosotros vamos a poder aprovechar estas acumulaciones para marcar zonas"
KpEnDm3h-gU,"zonas que algunas veces se utilizarán de un lado, otras veces se utilizarán de otro lado"
KpEnDm3h-gU,"Todo va a depender de la tendencia del mercado y de qué también esté funcionando, pero generalmente van a ser como estas zonas que suben, bajan, suben, bajan"
KpEnDm3h-gU,"Por ejemplo, aquí el precio está bajando, está subiendo, está bajando, está subiendo"
KpEnDm3h-gU,Nos vamos a aprovechar de esta indecisión en cuanto a la dirección
KpEnDm3h-gU,"se extiende como una zona y una vez el precio toque esa zona, nosotros vamos a aprovechar esta zona para vender"
KpEnDm3h-gU,Este es el truco
KpEnDm3h-gU,"Y la misma zona, fíjense que pasó el concepto que les dije, se quebró con una vela muy fuerte"
KpEnDm3h-gU,"Y como la vela es muy fuerte, ahora la utilizamos del lado contrario"
KpEnDm3h-gU,Solamente de esa manera sería válida
KpEnDm3h-gU,"Y lo mismo, como les estoy diciendo, lo podemos hacer del lado contrario, como aquí, que tenemos una zona que está utilizando del lado contrario, porque la vela pasó fuerte, fíjense aquí"
KpEnDm3h-gU,"Aquí es bueno porque aquí la vela se arrojustamente tocando, pero la otra abrió después"
KpEnDm3h-gU,Eso es como si fuera una sola vela
KpEnDm3h-gU,"Si vamos a la temporalidad de 2 horas, esa es la de una hora"
KpEnDm3h-gU,Se vería como una sola vela
KpEnDm3h-gU,Paso fuerte y lo utilizo del lado contrario
KpEnDm3h-gU,Y aquí tenemos nuestra bajada luego de tocar la zona una y otra vez
KpEnDm3h-gU,"Entonces, recuerden, el truco aquí va a ser identificar correctamente la estructura"
KpEnDm3h-gU,nosotros identificar correctamente las zonas y una vez el precio llegue a la zona esperar y ver en temporalidades pequeñas cuál va a ser la reacción
KpEnDm3h-gU,Este concepto te va a funcionar pero solamente si empiezas a practicarlo dentro del mercado y sé que va a ayudar muchísimo a la mejoría de tu estrategia
KpEnDm3h-gU,"Y si te gustan este tipo de videos que son cortos, directos al grano con el objetivo de que mejores tu estrategia, también déjanos en los comentarios"
KpEnDm3h-gU,"Sin más nada que decir, nos vemos en el siguiente video"
KpEnDm3h-gU,"Chao, chao y besitos."
