video_id,channel_id,title
sQecgC83ugQ,UCRvqjQPSeaWn-uEx-w0XOIg,ETH/BTC &amp; Altcoins
Sn4gS2lDvhc,UCRvqjQPSeaWn-uEx-w0XOIg,Ethereum: Dubious Speculation
5jw1PMeLwqs,UClgJyzwGs-GyaNxUHcLZrkg,HYPE or HYPEr-Bubble? ðŸ¤¯ Hyperliquid Analysis You NEED to See ðŸ“‰ðŸ“ˆ
O7of4PVyHQU,UClgJyzwGs-GyaNxUHcLZrkg,Still No TopðŸ’¥â€¦ and the Bitcoin FUD Is Getting Desperate ðŸ‘€
8dIdLX1Zomk,UCnMku7J_UtwlcSfZlIuQ3Kw,"$9 Trillion CRYPTO Bomb Incoming! Cardano, XRP, Ethereum Going NUCLEAR"
dOqg2pkovA0,UCnMku7J_UtwlcSfZlIuQ3Kw,LIVE: This CRYPTO Vote Changes EVERYTHING
qnqnyUURleQ,UC-5HLi3buMzdxjdTdic3Aig,IF YOU OWN BITCOIN YOU ARE SET FOR LIFE You Will NEVER Believe What Just Happened In Crypto
CsjNoYYynjg,UC-5HLi3buMzdxjdTdic3Aig,Bitcoin Is IN TROUBLE By December 2025 Ripple Becoming XRP Treasury Company TIME TO RALLY
_yHldjXvOBg,UCqK_GSMbpiV8spgD3ZGloSw,BlackRock&#39;s New Globalization Is A TRAP!! Watch Out For This!
XsJO-piPJ-I,UCqK_GSMbpiV8spgD3ZGloSw,Solana vs. Ethereum: ETH or SOL For 2025? Here&#39;s The FACTS!
l0KKI9jDLoE,UCCatR7nWbYrkVXdxXb4cGXw,$4.50 XRP IncomingðŸš€
yRE13R9Zhvg,UCCatR7nWbYrkVXdxXb4cGXw,Watch $115k on BitcoinðŸ‘€
